{
  "camera_matrix_parameters": {
    "calibration": {
      "correction_in_camera_bottom": [
        0.19282852113246918,
        0.006525254342705011,
        -0.002044090535491705
      ],
      "correction_in_camera_top": [
        0.18190814554691315,
        -0.011920932680368423,
        0.02912718988955021
      ],
      "correction_in_robot": [
        0.003320740768685937,
        -0.0037753614597022538,
        0.008110553957521915
      ]
    }
  }
}
