{
  "camera_matrix_parameters": {
    "calibration": {
      "correction_in_camera_bottom": [
        -0.07637512683868408,
        -0.09687769412994385,
        -0.012313790619373322
      ],
      "correction_in_camera_top": [
        -0.11682779341936111,
        -0.10914240032434464,
        0.007292557042092085
      ],
      "correction_in_robot": [
        -0.010544112883508204,
        0.007667018100619316,
        -0.0467318557202816
      ]
    }
  }
}
