{
  "camera_matrix_parameters": {
    "calibration": {
      "correction_in_camera_bottom": [
        0.2617993950843811,
        -0.07109411805868149,
        -0.007871470414102077
      ],
      "correction_in_camera_top": [
        0.2617993950843811,
        -0.07400565594434738,
        -0.009238417260348797
      ],
      "correction_in_robot": [
        -0.003102100221440196,
        0.02102038636803627,
        -0.055418916046619415
      ]
    }
  }
}
