{
  "camera_matrix_parameters": {
    "calibration": {
      "correction_in_camera_bottom": [
        0.00010717172699514776,
        0.2201402485370636,
        0.06292121112346649
      ],
      "correction_in_camera_top": [
        -0.025601185858249664,
        -0.00030838482780382037,
        0.04722891747951507
      ],
      "correction_in_robot": [
        -0.004158513620495796,
        -0.00006344352732412517,
        0.09289387613534927
      ]
    },
    "vision_bottom": {
      "extrinsic_rotations": [
        -5.737607955932617,
        -1.7550373077392578,
        -0.2891528606414795
      ]
    },
    "vision_top": {
      "extrinsic_rotations": [
        -6.703361511230469,
        -1.272653579711914,
        -0.6644251942634583
      ]
    }
  },
  "player_number": "Four"
}
