{
  "camera_matrix_parameters": {
    "calibration": {
      "correction_in_camera_bottom": [
        0.0024676891043782234,
        0.15768562257289886,
        0.07212118804454803
      ],
      "correction_in_camera_top": [
        -0.026843618601560593,
        0.16850781440734863,
        0.04813195392489433
      ],
      "correction_in_robot": [
        -0.005732168909162283,
        0.012527276761829851,
        0.1052154079079628
      ]
    }
  }
}
