{
  "camera_matrix_parameters": {
    "calibration": {
      "correction_in_camera_bottom": [
        0.0038427228573709726,
        -0.043939318507909775,
        -0.004856603220105171
      ],
      "correction_in_camera_top": [
        -0.009262963198125362,
        -0.022429879754781723,
        0.0008164565078914165
      ],
      "correction_in_robot": [
        -0.0040253507904708385,
        0.007724693045020104,
        -0.027906043455004692
      ]
    }
  }
}
